year,id,date chick death,time 1 Oct,status,type
2014,2014_001,15/05/2015,195,0,NAT
2014,2014_002,15/05/2015,195,0,NAT
2014,2014_003,15/05/2015,195,0,NAT
2014,2014_004,15/05/2015,195,0,NAT
2014,2014_005,15/05/2015,195,0,NAT
2014,2014_006,15/05/2015,195,0,NAT
2014,2014_007,15/05/2015,195,0,NAT
2014,2014_008,15/05/2015,195,0,NAT
2014,2014_009,15/05/2015,195,0,NAT
2014,2014_010,15/05/2015,195,0,NAT
2014,2014_011,15/05/2015,195,0,NAT
2014,2014_012,15/05/2015,195,0,NAT
2014,2014_013,15/05/2015,195,0,NAT
2014,2014_015,15/05/2015,195,0,NAT
2014,2014_016,15/05/2015,195,0,NAT
2014,2014_017,15/05/2015,195,0,NAT
2014,2014_018,9/12/2014,38,1,NAT
2014,2014_019,15/05/2015,195,0,NAT
2014,2014_020,15/05/2015,195,0,NAT
2014,2014_021,15/05/2015,195,0,NAT
2014,2014_022,15/05/2015,195,0,NAT
2014,2014_023,15/05/2015,195,0,NAT
2014,2014_024,15/05/2015,195,0,NAT
2014,2014_025,15/05/2015,195,0,NAT
2014,2014_026,15/05/2015,195,0,NAT
2014,2014_027,15/05/2015,195,0,NAT
2014,2014_028,15/05/2015,195,0,NAT
2014,2014_029,15/05/2015,195,0,NAT
2014,2014_030,15/05/2015,195,0,NAT
2014,2014_031,15/05/2015,195,0,NAT
2014,2014_032,15/05/2015,195,0,NAT
2014,2014_033,15/05/2015,195,0,NAT
2014,2014_034,15/05/2015,195,0,NAT
2014,2014_035,15/05/2015,195,0,NAT
2014,2014_036,15/05/2015,195,0,NAT
2014,2014_037,15/05/2015,195,0,NAT
2014,2014_038,15/05/2015,195,0,NAT
2014,2014_039,15/05/2015,195,0,NAT
2014,2014_040,15/05/2015,195,0,NAT
2014,2014_041,15/05/2015,195,0,NAT
2014,2014_042,15/05/2015,195,0,NAT
2014,2014_043,15/05/2015,195,0,NAT
2014,2014_044,15/05/2015,195,0,NAT
2014,2014_045,15/05/2015,195,0,NAT
2014,2014_046,15/05/2015,195,0,NAT
2014,2014_047,15/05/2015,195,0,NAT
2014,2014_048,15/05/2015,195,0,NAT
2014,2014_049,15/05/2015,195,0,NAT
2014,2014_050,15/05/2015,195,0,NAT
2014,2014_051,15/05/2015,195,0,NAT
2014,2014_052,15/05/2015,195,0,NAT
2014,2014_053,15/05/2015,195,0,NAT
2014,2014_054,15/05/2015,195,0,NAT
2014,2014_055,15/05/2015,195,0,NAT
2014,2014_056,15/05/2015,195,0,NAT
2014,2014_057,15/05/2015,195,0,NAT
2014,2014_058,15/05/2015,195,0,NAT
2014,2014_059,15/05/2015,195,0,NAT
2014,2014_060,15/05/2015,195,0,NAT
2014,2014_061,15/05/2015,195,0,NAT
2014,2014_062,15/05/2015,195,0,NAT
2014,2014_063,15/05/2015,195,0,NAT
2014,2014_064,15/05/2015,195,0,NAT
2014,2014_065,15/05/2015,195,0,NAT
2014,2014_066,15/05/2015,195,0,NAT
2014,2014_067,19/02/2015,110,1,NAT
2014,2014_068,15/05/2015,195,0,NAT
2014,2014_069,15/05/2015,195,0,NAT
2014,2014_070,15/05/2015,195,0,NAT
2014,2014_071,15/05/2015,195,0,NAT
2014,2014_072,15/05/2015,195,0,NAT
2014,2014_073,15/05/2015,195,0,NAT
2014,2014_074,15/05/2015,195,0,NAT
2014,2014_075,15/05/2015,195,0,NAT
2014,2014_076,22/02/2015,113,1,NAT
2014,2014_077,15/05/2015,195,0,NAT
2014,2014_078,15/05/2015,195,0,NAT
2014,2014_079,15/05/2015,195,0,NAT
2014,2014_080,15/05/2015,195,0,NAT
2014,2014_081,8/12/2014,37,1,NAT
2014,2014_082,15/05/2015,195,0,NAT
2014,2014_083,15/05/2015,195,0,NAT
2014,2014_084,15/05/2015,195,0,NAT
2014,2014_085,15/05/2015,195,0,NAT
2014,2014_086,15/05/2015,195,0,NAT
2014,2014_087,15/05/2015,195,0,NAT
2014,2014_088,15/05/2015,195,0,NAT
2014,2014_089,15/05/2015,195,0,NAT
2014,2014_090,11/03/2015,130,1,NAT
2014,2014_091,7/02/2015,98,1,NAT
2015,2015_001,30/01/2016,90,0,NAT
2015,2015_002,30/01/2016,90,0,NAT
2015,2015_003,30/01/2016,90,0,NAT
2015,2015_004,30/01/2016,90,0,NAT
2015,2015_005,30/01/2016,90,0,NAT
2015,2015_006,30/01/2016,90,0,NAT
2015,2015_007,30/01/2016,90,0,NAT
2015,2015_008,30/01/2016,90,0,NAT
2015,2015_009,30/01/2016,90,0,NAT
2015,2015_010,30/01/2016,90,0,NAT
2015,2015_011,30/01/2016,90,0,NAT
2015,2015_012,30/01/2016,90,0,NAT
2015,2015_013,30/01/2016,90,0,NAT
2015,2015_014,30/01/2016,90,0,NAT
2015,2015_015,18/12/2015,47,1,NAT
2015,2015_016,30/01/2016,90,0,NAT
2015,2015_017,30/01/2016,90,0,NAT
2015,2015_018,1/01/2016,61,1,NAT
2015,2015_019,30/01/2016,90,0,NAT
2015,2015_020,30/01/2016,90,0,NAT
2015,2015_021,30/01/2016,90,0,NAT
2015,2015_022,30/01/2016,90,0,NAT
2015,2015_023,30/01/2016,90,0,NAT
2015,2015_024,30/01/2016,90,0,NAT
2015,2015_025,19/01/2016,79,1,NAT
2015,2015_026,30/01/2016,90,0,NAT
2015,2015_027,24/01/2016,84,1,NAT
2015,2015_028,30/01/2016,90,0,NAT
2015,2015_029,30/01/2016,90,0,NAT
2015,2015_030,30/01/2016,90,0,NAT
2015,2015_031,30/01/2016,90,0,NAT
2015,2015_032,18/12/2015,47,1,NAT
2015,2015_033,30/01/2016,90,0,NAT
2015,2015_034,30/01/2016,90,0,NAT
2015,2015_035,30/01/2016,90,0,NAT
2015,2015_036,30/01/2016,90,0,NAT
2015,2015_037,30/01/2016,90,0,NAT
2015,2015_038,30/01/2016,90,0,NAT
2015,2015_039,30/01/2016,90,0,NAT
2015,2015_040,30/01/2016,90,0,NAT
2015,2015_041,30/01/2016,90,0,NAT
2015,2015_042,30/01/2016,90,0,NAT
2015,2015_043,20/01/2016,80,1,NAT
2015,2015_044,30/11/2015,29,1,NAT
2015,2015_045,30/01/2016,90,0,NAT
2015,2015_046,30/01/2016,90,0,NAT
2015,2015_047,6/12/2015,35,1,NAT
2015,2015_048,30/01/2016,90,0,NAT
2015,2015_049,30/01/2016,90,0,NAT
2015,2015_050,30/01/2016,90,0,NAT
2015,2015_051,30/01/2016,90,0,NAT
2015,2015_052,30/01/2016,90,0,NAT
2015,2015_053,30/01/2016,90,0,NAT
2015,2015_054,28/12/2015,57,1,NAT
2015,2015_055,30/01/2016,90,0,NAT
2015,2015_056,30/01/2016,90,0,NAT
2015,2015_057,15/01/2016,75,1,NAT
2015,2015_058,30/01/2016,90,0,NAT
2015,2015_059,30/01/2016,90,0,NAT
2015,2015_060,9/01/2016,69,1,NAT
2015,2015_061,30/01/2016,90,0,NAT
2015,2015_062,11/12/2015,40,1,NAT
2015,2015_063,30/01/2016,90,0,NAT
2015,2015_064,30/01/2016,90,0,NAT
2015,2015_065,10/12/2015,39,1,NAT
2015,2015_066,30/01/2016,90,0,NAT
2015,2015_067,30/01/2016,90,0,NAT
2015,2015_068,30/01/2016,90,0,NAT
2015,2015_069,30/01/2016,90,0,NAT
2015,2015_070,30/01/2016,90,0,NAT
2015,2015_071,30/01/2016,90,0,NAT
2015,2015_072,30/01/2016,90,0,NAT
2015,2015_073,30/01/2016,90,0,NAT
2015,2015_074,30/01/2016,90,0,NAT
2015,2015_075,30/01/2016,90,0,NAT
2015,2015_076,30/01/2016,90,0,NAT
2015,2015_077,20/12/2015,49,1,NAT
2015,2015_078,30/01/2016,90,0,NAT
2015,2015_079,30/01/2016,90,0,NAT
2015,2015_080,30/01/2016,90,0,NAT
2015,2015_081,7/01/2016,67,1,NAT
2015,2015_082,20/12/2015,49,1,NAT
2015,2015_083,21/01/2016,81,1,NAT
2015,2015_084,21/01/2016,81,1,NAT
2015,2015_085,20/01/2016,80,1,NAT
2015,2015_086,25/01/2016,85,1,NAT
2016,2016_001,22/02/2017,113,0,NAT
2016,2016_002,22/02/2017,113,0,NAT
2016,2016_003,22/02/2017,113,0,NAT
2016,2016_004,22/02/2017,113,0,NAT
2016,2016_005,22/02/2017,113,0,NAT
2016,2016_006,22/02/2017,113,0,NAT
2016,2016_007,22/02/2017,113,0,NAT
2016,2016_008,22/02/2017,113,0,NAT
2016,2016_009,22/02/2017,113,0,NAT
2016,2016_010,22/02/2017,113,0,NAT
2016,2016_011,22/02/2017,113,0,NAT
2016,2016_012,22/02/2017,113,0,NAT
2016,2016_013,22/02/2017,113,0,NAT
2016,2016_014,22/02/2017,113,0,NAT
2016,2016_015,22/02/2017,113,0,NAT
2016,2016_016,22/02/2017,113,0,NAT
2016,2016_017,22/02/2017,113,0,NAT
2016,2016_018,22/02/2017,113,0,NAT
2016,2016_019,22/02/2017,113,0,NAT
2016,2016_020,22/02/2017,113,0,NAT
2016,2016_021,22/02/2017,113,0,NAT
2016,2016_022,22/02/2017,113,0,NAT
2016,2016_023,20/02/2017,111,1,NAT
2016,2016_024,22/02/2017,113,0,NAT
2016,2016_025,22/02/2017,113,0,NAT
2016,2016_026,10/02/2017,101,1,NAT
2016,2016_027,22/02/2017,113,0,NAT
2016,2016_028,22/02/2017,113,0,NAT
2016,2016_029,22/02/2017,113,0,NAT
2016,2016_030,22/02/2017,113,0,NAT
2016,2016_031,14/01/2017,74,1,NAT
2016,2016_032,22/02/2017,113,0,NAT
2016,2016_033,22/02/2017,113,0,NAT
2016,2016_034,6/02/2017,97,1,NAT
2016,2016_035,22/02/2017,113,0,NAT
2016,2016_036,22/02/2017,113,0,NAT
2016,2016_037,22/02/2017,113,0,NAT
2016,2016_038,22/02/2017,113,0,NAT
2016,2016_039,22/02/2017,113,0,NAT
2016,2016_040,22/02/2017,113,0,NAT
2016,2016_041,22/02/2017,113,0,NAT
2016,2016_042,22/02/2017,113,0,NAT
2016,2016_043,22/02/2017,113,0,NAT
2016,2016_044,22/02/2017,113,0,NAT
2016,2016_045,22/02/2017,113,0,NAT
2016,2016_046,22/02/2017,113,0,NAT
2016,2016_047,22/02/2017,113,0,NAT
2016,2016_048,10/02/2017,101,1,NAT
2016,2016_049,22/02/2017,113,0,NAT
2016,2016_050,22/02/2017,113,0,NAT
2016,2016_051,22/02/2017,113,0,NAT
2016,2016_052,22/02/2017,113,0,NAT
2016,2016_053,22/02/2017,113,0,NAT
2016,2016_054,13/02/2017,104,1,NAT
2016,2016_055,22/02/2017,113,0,NAT
2016,2016_056,22/02/2017,113,0,NAT
2016,2016_057,22/02/2017,113,0,NAT
2016,2016_058,22/02/2017,113,0,NAT
2016,2016_059,22/02/2017,113,0,NAT
2016,2016_060,22/02/2017,113,0,NAT
2016,2016_061,22/02/2017,113,0,NAT
2016,2016_062,22/02/2017,113,0,NAT
2016,2016_063,22/02/2017,113,0,NAT
2016,2016_064,22/02/2017,113,0,NAT
2016,2016_065,22/02/2017,113,0,NAT
2016,2016_066,22/02/2017,113,0,NAT
2016,2016_067,22/02/2017,113,0,NAT
2016,2016_068,22/02/2017,113,0,NAT
2016,2016_069,22/02/2017,113,0,NAT
2016,2016_070,22/02/2017,113,0,NAT
2016,2016_071,22/02/2017,113,0,NAT
2016,2016_072,22/02/2017,113,0,NAT
2016,2016_073,22/02/2017,113,0,NAT
2016,2016_074,22/02/2017,113,0,NAT
2016,2016_075,22/02/2017,113,0,NAT
2016,2016_076,22/02/2017,113,0,NAT
2016,2016_077,22/02/2017,113,0,NAT
2016,2016_078,22/02/2017,113,0,NAT
2016,2016_079,25/12/2016,54,1,NAT
2016,2016_080,10/02/2017,101,1,NAT
2016,2016_081,1/01/2017,61,1,NAT
2016,2016_082,5/02/2017,96,1,NAT
2016,2016_083,31/01/2017,91,1,NAT
2016,2016_084,2/01/2017,62,1,NAT
2016,2016_085,23/01/2017,83,1,NAT
2016,2016_086,5/02/2017,96,1,NAT
2017,2017_114,28/11/2017,27,1,H
2017,2017_039,2/12/2017,31,1,NAT
2017,2017_066,4/12/2017,33,1,NAT
2017,2017_004,10/05/2018,190,0,H
2017,2017_005,10/05/2018,190,0,NAT
2017,2017_006,10/05/2018,190,0,NAT
2017,2017_099,5/12/2017,34,1,NAT
2017,2017_008,10/05/2018,190,0,NAT
2017,2017_009,10/05/2018,190,0,NAT
2017,2017_010,10/05/2018,190,0,NAT
2017,2017_011,10/05/2018,190,0,H
2017,2017_115,5/12/2017,34,1,NAT
2017,2017_130,11/12/2017,40,1,H
2017,2017_014,10/05/2018,190,0,H
2017,2017_015,10/05/2018,190,0,NAT
2017,2017_129,12/12/2017,41,1,MB
2017,2017_123,15/12/2017,44,1,NAT
2017,2017_003,16/12/2017,45,1,NAT
2017,2017_164,18/12/2017,47,1,NAT
2017,2017_007,21/12/2017,50,1,NAT
2017,2017_076,22/12/2017,51,1,H
2017,2017_150,24/12/2017,53,1,MB
2017,2017_023,10/05/2018,190,0,NAT
2017,2017_024,10/05/2018,190,0,NAT
2017,2017_025,10/05/2018,190,0,NAT
2017,2017_038,27/12/2017,56,1,NAT
2017,2017_027,10/05/2018,190,0,NAT
2017,2017_121,27/12/2017,56,1,MB
2017,2017_143,27/12/2017,56,1,NAT
2017,2017_117,28/12/2017,57,1,MB
2017,2017_147,28/12/2017,57,1,NAT
2017,2017_071,9/01/2018,69,1,NAT
2017,2017_059,11/01/2018,71,1,NAT
2017,2017_034,10/05/2018,190,0,NAT
2017,2017_035,10/05/2018,190,0,NAT
2017,2017_119,13/01/2018,73,1,MB
2017,2017_166,15/01/2018,75,1,NAT
2017,2017_012,16/01/2018,76,1,NAT
2017,2017_030,16/01/2018,76,1,NAT
2017,2017_040,10/05/2018,190,0,NAT
2017,2017_041,10/05/2018,190,0,NAT
2017,2017_118,16/01/2018,76,1,NAT
2017,2017_022,18/01/2018,78,1,NAT
2017,2017_054,18/01/2018,78,1,NAT
2017,2017_045,10/05/2018,190,0,NAT
2017,2017_068,18/01/2018,78,1,NAT
2017,2017_176,18/01/2018,78,1,NAT
2017,2017_046,19/01/2018,79,1,H
2017,2017_049,10/05/2018,190,0,NAT
2017,2017_178,19/01/2018,79,1,NAT
2017,2017_051,10/05/2018,190,0,NAT
2017,2017_052,10/05/2018,190,0,H
2017,2017_179,19/01/2018,79,1,NAT
2017,2017_058,20/01/2018,80,1,NAT
2017,2017_067,20/01/2018,80,1,NAT
2017,2017_056,10/05/2018,190,0,H
2017,2017_139,20/01/2018,80,1,NAT
2017,2017_042,22/01/2018,82,1,MB
2017,2017_060,22/01/2018,82,1,NAT
2017,2017_028,23/01/2018,83,1,NAT
2017,2017_048,23/01/2018,83,1,NAT
2017,2017_182,23/01/2018,83,1,NAT
2017,2017_063,10/05/2018,190,0,NAT
2017,2017_064,10/05/2018,190,0,MB
2017,2017_065,10/05/2018,190,0,MB
2017,2017_016,24/01/2018,84,1,NAT
2017,2017_017,24/01/2018,84,1,NAT
2017,2017_026,24/01/2018,84,1,NAT
2017,2017_031,24/01/2018,84,1,NAT
2017,2017_070,10/05/2018,190,0,NAT
2017,2017_032,24/01/2018,84,1,NAT
2017,2017_072,10/05/2018,190,0,NAT
2017,2017_073,10/05/2018,190,0,MB
2017,2017_074,10/05/2018,190,0,NAT
2017,2017_075,10/05/2018,190,0,MB
2017,2017_036,24/01/2018,84,1,NAT
2017,2017_077,10/05/2018,190,0,MB
2017,2017_055,24/01/2018,84,1,NAT
2017,2017_107,24/01/2018,84,1,NAT
2017,2017_080,10/05/2018,190,0,MB
2017,2017_081,10/05/2018,190,0,MB
2017,2017_082,10/05/2018,190,0,NAT
2017,2017_083,10/05/2018,190,0,H
2017,2017_084,10/05/2018,190,0,NAT
2017,2017_085,10/05/2018,190,0,MB
2017,2017_086,10/05/2018,190,0,NAT
2017,2017_087,10/05/2018,190,0,MB
2017,2017_088,10/05/2018,190,0,H
2017,2017_089,10/05/2018,190,0,NAT
2017,2017_090,10/05/2018,190,0,MB
2017,2017_177,24/01/2018,84,1,NAT
2017,2017_155,25/01/2018,85,1,NAT
2017,2017_093,10/05/2018,190,0,NAT
2017,2017_094,10/05/2018,190,0,NAT
2017,2017_095,10/05/2018,190,0,H
2017,2017_096,10/05/2018,190,0,MB
2017,2017_167,25/01/2018,85,1,NAT
2017,2017_098,10/05/2018,190,0,MB
2017,2017_181,25/01/2018,85,1,NAT
2017,2017_100,10/05/2018,190,0,NAT
2017,2017_101,10/05/2018,190,0,NAT
2017,2017_102,10/05/2018,190,0,NAT
2017,2017_061,26/01/2018,86,1,H
2017,2017_062,26/01/2018,86,1,NAT
2017,2017_091,26/01/2018,86,1,NAT
2017,2017_106,10/05/2018,190,0,NAT
2017,2017_105,26/01/2018,86,1,NAT
2017,2017_108,10/05/2018,190,0,H
2017,2017_120,26/01/2018,86,1,H
2017,2017_152,26/01/2018,86,1,NAT
2017,2017_183,26/01/2018,86,1,NAT
2017,2017_112,10/05/2018,190,0,H
2017,2017_144,27/01/2018,87,1,H
2017,2017_161,27/01/2018,87,1,NAT
2017,2017_037,28/01/2018,88,1,NAT
2017,2017_116,10/05/2018,190,0,MB
2017,2017_110,29/01/2018,89,1,NAT
2017,2017_132,29/01/2018,89,1,NAT
2017,2017_156,29/01/2018,89,1,H
2017,2017_103,30/01/2018,90,1,NAT
2017,2017_019,31/01/2018,91,1,NAT
2017,2017_122,10/05/2018,190,0,NAT
2017,2017_021,31/01/2018,91,1,NAT
2017,2017_124,10/05/2018,190,0,NAT
2017,2017_053,31/01/2018,91,1,NAT
2017,2017_126,10/05/2018,190,0,NAT
2017,2017_127,10/05/2018,190,0,NAT
2017,2017_128,10/05/2018,190,0,H
2017,2017_057,31/01/2018,91,1,NAT
2017,2017_104,31/01/2018,91,1,NAT
2017,2017_131,10/05/2018,190,0,NAT
2017,2017_149,31/01/2018,91,1,NAT
2017,2017_133,10/05/2018,190,0,H
2017,2017_001,1/02/2018,92,1,H
2017,2017_135,10/05/2018,190,0,NAT
2017,2017_136,10/05/2018,190,0,MB
2017,2017_137,10/05/2018,190,0,H
2017,2017_138,10/05/2018,190,0,H
2017,2017_002,2/02/2018,93,1,NAT
2017,2017_140,10/05/2018,190,0,H
2017,2017_141,10/05/2018,190,0,H
2017,2017_142,10/05/2018,190,0,H
2017,2017_013,2/02/2018,93,1,H
2017,2017_020,2/02/2018,93,1,NAT
2017,2017_154,2/02/2018,93,1,NAT
2017,2017_146,10/05/2018,190,0,MB
2017,2017_175,2/02/2018,93,1,NAT
2017,2017_148,10/05/2018,190,0,H
2017,2017_180,2/02/2018,93,1,NAT
2017,2017_029,3/02/2018,94,1,NAT
2017,2017_050,3/02/2018,94,1,NAT
2017,2017_069,3/02/2018,94,1,NAT
2017,2017_153,10/05/2018,190,0,NAT
2017,2017_092,3/02/2018,94,1,NAT
2017,2017_109,3/02/2018,94,1,NAT
2017,2017_125,3/02/2018,94,1,H
2017,2017_168,3/02/2018,94,1,NAT
2017,2017_174,3/02/2018,94,1,NAT
2017,2017_159,10/05/2018,190,0,H
2017,2017_160,10/05/2018,190,0,NAT
2017,2017_185,3/02/2018,94,1,NAT
2017,2017_033,4/02/2018,95,1,NAT
2017,2017_163,10/05/2018,190,0,NAT
2017,2017_044,4/02/2018,95,1,NAT
2017,2017_165,10/05/2018,190,0,NAT
2017,2017_187,4/02/2018,95,1,NAT
2017,2017_078,5/02/2018,96,1,NAT
2017,2017_158,7/02/2018,98,1,NAT
2017,2017_169,10/05/2018,190,0,NAT
2017,2017_170,10/05/2018,190,0,H
2017,2017_171,10/05/2018,190,0,NAT
2017,2017_172,10/05/2018,190,0,H
2017,2017_173,10/05/2018,190,0,NAT
2017,2017_097,9/02/2018,100,1,NAT
2017,2017_151,9/02/2018,100,1,NAT
2017,2017_162,9/02/2018,100,1,NAT
2017,2017_079,10/02/2018,101,1,NAT
2017,2017_113,11/02/2018,102,1,NAT
2017,2017_188,13/02/2018,104,1,NAT
2017,2017_157,15/02/2018,106,1,NAT
2017,2017_047,17/02/2018,108,1,NAT
2017,2017_145,20/02/2018,111,1,NAT
2017,2017_111,22/02/2018,113,1,NAT
2017,2017_184,10/05/2018,190,0,NAT
2017,2017_018,25/02/2018,116,1,NAT
2017,2017_186,10/05/2018,190,0,NAT
2017,2017_043,11/04/2018,161,1,NAT
2017,2017_134,26/04/2018,176,1,NAT
2018,2018_001,25/03/2019,144,1,NAT
2018,2018_002,1/06/2019,212,0,NAT
2018,2018_003,11/02/2019,102,1,NAT
2018,2018_004,1/06/2019,212,0,NAT
2018,2018_005,1/06/2019,212,0,NAT
2018,2018_006,1/06/2019,212,0,NAT
2018,2018_007,3/02/2019,94,1,NAT
2018,2018_008,1/06/2019,212,0,NAT
2018,2018_009,1/06/2019,212,0,NAT
2018,2018_010,1/01/2019,61,1,NAT
2018,2018_011,1/06/2019,212,0,NAT
2018,2018_012,28/01/2019,88,1,NAT
2018,2018_013,1/06/2019,212,0,NAT
2018,2018_014,29/01/2019,89,1,NAT
2018,2018_015,3/02/2019,94,1,NAT
2018,2018_016,1/06/2019,212,0,NAT
2018,2018_017,1/06/2019,212,0,NAT
2018,2018_018,1/06/2019,212,0,NAT
2018,2018_019,16/01/2019,76,1,NAT
2018,2018_020,29/01/2019,89,1,NAT
2018,2018_021,1/06/2019,212,0,NAT
2018,2018_022,1/06/2019,212,0,NAT
2018,2018_023,1/06/2019,212,0,NAT
2018,2018_024,1/06/2019,212,0,NAT
2018,2018_025,1/06/2019,212,0,NAT
2018,2018_026,1/06/2019,212,0,NAT
2018,2018_027,1/06/2019,212,0,NAT
2018,2018_028,1/06/2019,212,0,NAT
2018,2018_029,1/06/2019,212,0,NAT
2018,2018_030,21/12/2018,50,1,NAT
2018,2018_031,1/06/2019,212,0,NAT
2018,2018_032,1/06/2019,212,0,NAT
2018,2018_033,10/02/2019,101,1,NAT
2018,2018_034,1/06/2019,212,0,NAT
2018,2018_035,2/02/2019,93,1,NAT
2018,2018_036,1/06/2019,212,0,NAT
2018,2018_037,5/12/2018,34,1,NAT
2018,2018_038,1/06/2019,212,0,NAT
2018,2018_039,26/12/2018,55,1,NAT
2018,2018_040,1/06/2019,212,0,NAT
2018,2018_041,1/06/2019,212,0,NAT
2018,2018_042,7/02/2019,98,1,NAT
2018,2018_043,1/06/2019,212,0,NAT
2018,2018_044,1/06/2019,212,0,NAT
2018,2018_045,1/06/2019,212,0,NAT
2018,2018_046,1/06/2019,212,0,NAT
2018,2018_047,1/06/2019,212,0,NAT
2018,2018_048,1/06/2019,212,0,NAT
2018,2018_049,1/06/2019,212,0,NAT
2018,2018_050,1/06/2019,212,0,NAT
2018,2018_051,1/06/2019,212,0,NAT
2018,2018_052,1/06/2019,212,0,NAT
2018,2018_053,1/06/2019,212,0,NAT
2018,2018_054,1/06/2019,212,0,NAT
2018,2018_055,1/06/2019,212,0,NAT
2018,2018_056,1/06/2019,212,0,NAT
2018,2018_057,1/06/2019,212,0,NAT
2018,2018_058,30/01/2019,90,1,NAT
2018,2018_059,1/06/2019,212,0,NAT
2018,2018_060,27/01/2019,87,1,NAT
2018,2018_061,1/06/2019,212,0,NAT
2018,2018_062,21/12/2018,50,1,NAT
2018,2018_063,1/06/2019,212,0,NAT
2018,2018_064,8/01/2019,68,1,NAT
2018,2018_065,1/06/2019,212,0,NAT
2018,2018_066,27/01/2019,87,1,NAT
2018,2018_067,1/06/2019,212,0,NAT
2018,2018_068,1/06/2019,212,0,NAT
2018,2018_069,1/06/2019,212,0,NAT
2018,2018_070,1/06/2019,212,0,NAT
2018,2018_071,1/06/2019,212,0,NAT
2018,2018_072,1/06/2019,212,0,NAT
2018,2018_073,1/06/2019,212,0,NAT
2018,2018_074,1/06/2019,212,0,NAT
2018,2018_075,1/06/2019,212,0,NAT
2018,2018_076,5/12/2018,34,1,NAT
2018,2018_077,1/06/2019,212,0,NAT
2018,2018_078,1/06/2019,212,0,NAT
2018,2018_079,6/02/2019,97,1,NAT
2018,2018_080,1/06/2019,212,0,NAT
2018,2018_081,4/02/2019,95,1,NAT
2018,2018_082,3/02/2019,94,1,NAT
2018,2018_083,1/06/2019,212,0,NAT
2018,2018_084,27/01/2019,87,1,NAT
2018,2018_085,1/06/2019,212,0,NAT
2018,2018_086,1/06/2019,212,0,NAT
2018,2018_087,18/05/2019,198,1,NAT
2018,2018_088,1/06/2019,212,0,NAT
2018,2018_089,17/12/2018,46,1,NAT
2018,2018_090,1/06/2019,212,0,NAT
2018,2018_091,12/02/2019,103,1,NAT
2018,2018_092,26/12/2018,55,1,NAT
2018,2018_093,22/01/2019,82,1,NAT
2018,2018_094,1/06/2019,212,0,NAT
2018,2018_095,1/06/2019,212,0,NAT
2018,2018_096,1/06/2019,212,0,NAT
2018,2018_097,17/12/2018,46,1,NAT
2018,2018_098,1/06/2019,212,0,NAT
2018,2018_099,1/06/2019,212,0,NAT
2018,2018_100,1/06/2019,212,0,NAT
2018,2018_101,1/06/2019,212,0,NAT
2018,2018_102,28/01/2019,88,1,NAT
2018,2018_103,1/06/2019,212,0,NAT
2018,2018_104,1/06/2019,212,0,NAT
2018,2018_105,1/06/2019,212,0,NAT
2018,2018_106,1/06/2019,212,0,NAT
2018,2018_107,26/12/2018,55,1,NAT
2018,2018_108,1/06/2019,212,0,NAT
2018,2018_109,1/06/2019,212,0,NAT
2018,2018_110,1/06/2019,212,0,NAT
2018,2018_111,1/06/2019,212,0,NAT
2018,2018_112,1/06/2019,212,0,NAT
2018,2018_113,1/06/2019,212,0,NAT
2018,2018_114,18/12/2018,47,1,NAT
2018,2018_115,12/12/2018,41,1,NAT
2018,2018_116,1/06/2019,212,0,NAT
2018,2018_117,1/06/2019,212,0,NAT
2018,2018_118,1/06/2019,212,0,NAT
2018,2018_119,21/02/2019,112,1,NAT
2018,2018_120,1/06/2019,212,0,NAT
2018,2018_121,4/12/2018,33,1,NAT
2018,2018_122,4/04/2019,154,1,NAT
2018,2018_123,21/12/2018,50,1,NAT
2018,2018_124,1/06/2019,212,0,NAT
2018,2018_125,17/12/2018,46,1,NAT
2018,2018_126,17/12/2018,46,1,NAT
2018,2018_127,1/06/2019,212,0,NAT
2018,2018_128,17/12/2018,46,1,NAT
2018,2018_129,1/06/2019,212,0,NAT
2018,2018_130,1/06/2019,212,0,NAT
2018,2018_131,1/06/2019,212,0,NAT
2018,2018_132,1/06/2019,212,0,NAT
2018,2018_133,16/12/2018,45,1,NAT
2018,2018_134,13/12/2018,42,1,NAT
2018,2018_135,1/06/2019,212,0,NAT
2018,2018_136,1/06/2019,212,0,NAT
2018,2018_137,16/12/2018,45,1,NAT
2018,2018_138,1/06/2019,212,0,NAT
2018,2018_139,1/06/2019,212,0,NAT
2018,2018_140,1/06/2019,212,0,NAT
2018,2018_141,1/06/2019,212,0,NAT
2018,2018_142,1/06/2019,212,0,NAT
2018,2018_143,5/01/2019,65,1,NAT
2018,2018_144,19/12/2018,48,1,NAT
2018,2018_145,7/12/2018,36,1,NAT
2018,2018_146,2/12/2018,31,1,NAT
2018,2018_147,1/06/2019,212,0,NAT
2018,2018_148,1/06/2019,212,0,NAT
2018,2018_149,1/06/2019,212,0,NAT
2018,2018_150,1/06/2019,212,0,NAT
2018,2018_151,1/06/2019,212,0,NAT
2018,2018_152,1/06/2019,212,0,NAT
2018,2018_153,1/06/2019,212,0,NAT
2018,2018_154,1/06/2019,212,0,NAT
2018,2018_155,1/06/2019,212,0,NAT
2018,2018_156,1/06/2019,212,0,NAT
2018,2018_157,30/12/2018,59,1,NAT
2018,2018_158,1/06/2019,212,0,NAT
2018,2018_159,1/06/2019,212,0,NAT
2018,2018_160,1/06/2019,212,0,NAT
2018,2018_161,1/06/2019,212,0,NAT
2018,2018_162,7/12/2018,36,1,NAT
2018,2018_163,1/06/2019,212,0,NAT
2018,2018_164,28/01/2019,88,1,NAT
2018,2018_165,1/06/2019,212,0,NAT
2018,2018_166,1/06/2019,212,0,NAT
2018,2018_167,1/06/2019,212,0,NAT
2018,2018_168,1/06/2019,212,0,NAT
2018,2018_169,5/01/2019,65,1,NAT
2018,2018_170,6/02/2019,97,1,NAT
2018,2018_171,11/12/2018,40,1,NAT
2018,2018_172,8/02/2019,99,1,NAT
2018,2018_173,13/04/2019,163,1,NAT
2018,2018_174,16/12/2018,45,1,NAT
2018,2018_175,6/02/2019,97,1,NAT
2018,2018_176,16/01/2019,76,1,NAT
2018,2018_177,17/12/2018,46,1,NAT
2018,2018_178,20/12/2018,49,1,NAT
2018,2018_179,9/03/2019,128,1,NAT
2018,2018_180,22/01/2019,82,1,NAT
2018,2018_181,9/03/2019,128,1,NAT
2018,2018_182,5/02/2019,96,1,NAT
2018,2018_183,30/01/2019,90,1,NAT
2018,2018_184,7/04/2019,157,1,NAT
2018,2018_185,16/12/2018,45,1,NAT
2018,2018_186,17/12/2018,46,1,NAT
2018,2018_187,11/02/2019,102,1,NAT
2018,2018_188,5/02/2019,96,1,NAT
2018,2018_189,23/01/2019,83,1,NAT
2018,2018_190,21/12/2018,50,1,NAT
2018,2018_191,27/01/2019,87,1,NAT
2018,2018_192,23/01/2019,83,1,NAT
2018,2018_193,23/01/2019,83,1,NAT
2018,2018_194,27/01/2019,87,1,NAT
2019,2019_001,1/01/2020,61,1,NAT
2019,2019_002,1/06/2020,213,0,NAT
2019,2019_003,6/01/2020,66,1,NAT
2019,2019_004,1/06/2020,213,0,NAT
2019,2019_005,1/06/2020,213,0,NAT
2019,2019_006,25/12/2019,54,1,NAT
2019,2019_007,22/12/2019,51,1,NAT
2019,2019_008,1/06/2020,213,0,NAT
2019,2019_009,1/06/2020,213,0,NAT
2019,2019_010,28/12/2019,57,1,NAT
2019,2019_011,3/01/2020,63,1,NAT
2019,2019_012,27/12/2019,56,1,NAT
2019,2019_013,8/01/2020,68,1,NAT
2019,2019_014,2/01/2020,62,1,NAT
2019,2019_015,4/01/2020,64,1,NAT
2019,2019_016,4/01/2020,64,1,NAT
2019,2019_017,31/12/2019,60,1,NAT
2019,2019_018,1/06/2020,213,0,NAT
2019,2019_019,9/01/2020,69,1,NAT
2019,2019_020,11/12/2019,40,1,NAT
2019,2019_021,27/12/2019,56,1,NAT
2019,2019_022,22/12/2019,51,1,NAT
2019,2019_023,6/01/2020,66,1,NAT
2019,2019_024,1/06/2020,213,0,NAT
2019,2019_025,29/02/2020,120,1,NAT
2019,2019_026,18/12/2019,47,1,NAT
2019,2019_027,26/12/2019,55,1,NAT
2019,2019_028,1/06/2020,213,0,NAT
2019,2019_029,18/01/2020,78,1,NAT
2019,2019_030,1/06/2020,213,0,NAT
2019,2019_031,1/06/2020,213,0,NAT
2019,2019_032,1/06/2020,213,0,NAT
2019,2019_033,22/01/2020,82,1,NAT
2019,2019_034,15/01/2020,75,1,NAT
2019,2019_035,26/12/2019,55,1,NAT
2019,2019_036,4/12/2019,33,1,NAT
2019,2019_037,27/02/2020,118,1,NAT
2019,2019_038,26/02/2020,117,1,NAT
2019,2019_039,1/06/2020,213,0,NAT
2019,2019_040,22/12/2019,51,1,NAT
2019,2019_041,19/12/2019,48,1,NAT
2019,2019_042,1/06/2020,213,0,NAT
2019,2019_043,6/01/2020,66,1,NAT
2019,2019_044,4/02/2020,95,1,NAT
2019,2019_045,11/01/2020,71,1,NAT
2019,2019_046,1/06/2020,213,0,NAT
2019,2019_047,1/06/2020,213,0,NAT
2019,2019_048,1/06/2020,213,0,NAT
2019,2019_049,8/02/2020,99,1,NAT
2019,2019_050,1/06/2020,213,0,NAT
2019,2019_051,3/01/2020,63,1,NAT
2019,2019_052,1/06/2020,213,0,NAT
2019,2019_053,31/01/2020,91,1,NAT
2019,2019_054,18/02/2020,109,1,NAT
2019,2019_055,1/06/2020,213,0,NAT
2019,2019_056,1/06/2020,213,0,NAT
2019,2019_057,10/12/2019,39,1,NAT
2019,2019_058,27/12/2019,56,1,NAT
2019,2019_059,1/06/2020,213,0,NAT
2019,2019_060,28/12/2019,57,1,NAT
2019,2019_061,25/01/2020,85,1,NAT
2019,2019_062,2/03/2020,122,1,NAT
2019,2019_063,30/03/2020,150,1,NAT
2019,2019_064,12/02/2020,103,1,NAT
2019,2019_065,1/06/2020,213,0,NAT
2019,2019_066,8/12/2019,37,1,NAT
2019,2019_067,1/06/2020,213,0,NAT
2019,2019_068,1/06/2020,213,0,NAT
2019,2019_069,1/06/2020,213,0,NAT
2019,2019_070,20/12/2019,49,1,NAT
2019,2019_071,1/06/2020,213,0,NAT
2019,2019_072,22/12/2019,51,1,NAT
2019,2019_073,25/01/2020,85,1,NAT
2019,2019_074,4/01/2020,64,1,NAT
2019,2019_075,1/06/2020,213,0,NAT
2019,2019_076,1/06/2020,213,0,NAT
2019,2019_077,1/06/2020,213,0,NAT
2019,2019_078,1/06/2020,213,0,NAT
2019,2019_079,29/03/2020,149,1,NAT
2019,2019_080,1/06/2020,213,0,NAT
2019,2019_081,1/06/2020,213,0,NAT
2019,2019_082,12/02/2020,103,1,NAT
2019,2019_083,7/02/2020,98,1,NAT
2019,2019_084,1/06/2020,213,0,NAT
2019,2019_085,31/01/2020,91,1,NAT
2019,2019_086,12/02/2020,103,1,NAT
2019,2019_087,18/03/2020,138,1,NAT
2019,2019_088,1/06/2020,213,0,NAT
2019,2019_089,4/12/2019,33,1,NAT
2019,2019_090,1/06/2020,213,0,NAT
2019,2019_091,1/06/2020,213,0,NAT
2019,2019_092,1/06/2020,213,0,NAT
2019,2019_093,1/06/2020,213,0,NAT
2019,2019_094,11/04/2020,162,1,NAT
2019,2019_095,1/06/2020,213,0,NAT
2019,2019_096,1/06/2020,213,0,NAT
2019,2019_097,1/06/2020,213,0,NAT
2019,2019_098,1/06/2020,213,0,NAT
2019,2019_099,1/06/2020,213,0,NAT
2019,2019_100,8/12/2019,37,1,NAT
2019,2019_101,5/04/2020,156,1,NAT
2019,2019_102,1/06/2020,213,0,NAT
2019,2019_103,13/12/2019,42,1,NAT
2019,2019_104,15/02/2020,106,1,NAT
2019,2019_105,31/01/2020,91,1,NAT
2019,2019_106,1/06/2020,213,0,NAT
2019,2019_107,1/06/2020,213,0,NAT
2019,2019_108,1/06/2020,213,0,NAT
2019,2019_109,1/06/2020,213,0,NAT
2019,2019_110,1/06/2020,213,0,NAT
2019,2019_111,1/06/2020,213,0,NAT
2019,2019_112,1/06/2020,213,0,NAT
2019,2019_113,1/06/2020,213,0,NAT
2019,2019_114,1/06/2020,213,0,NAT
2019,2019_115,1/06/2020,213,0,NAT
2019,2019_116,1/06/2020,213,0,NAT
2019,2019_117,17/01/2020,77,1,NAT
2019,2019_118,1/06/2020,213,0,NAT
2019,2019_119,1/06/2020,213,0,NAT
2019,2019_120,7/12/2019,36,1,NAT
2019,2019_121,6/01/2020,66,1,NAT
2019,2019_122,8/02/2020,99,1,NAT
2019,2019_123,1/06/2020,213,0,NAT
2019,2019_124,1/06/2020,213,0,NAT
2019,2019_125,4/12/2019,33,1,NAT
2019,2019_126,13/02/2020,104,1,NAT
2019,2019_127,17/12/2019,46,1,NAT
2019,2019_128,1/06/2020,213,0,NAT
2019,2019_129,1/06/2020,213,0,NAT
2019,2019_130,1/06/2020,213,0,NAT
2019,2019_131,1/06/2020,213,0,NAT
2019,2019_132,1/06/2020,213,0,NAT
2019,2019_133,1/06/2020,213,0,NAT
2019,2019_134,1/06/2020,213,0,NAT
2019,2019_135,1/06/2020,213,0,NAT
2019,2019_136,1/06/2020,213,0,NAT
2019,2019_137,1/06/2020,213,0,NAT
2019,2019_138,1/06/2020,213,0,NAT
2019,2019_139,1/06/2020,213,0,NAT
2019,2019_140,28/02/2020,119,1,NAT
2019,2019_141,1/06/2020,213,0,NAT
2019,2019_142,22/12/2019,51,1,NAT
2019,2019_143,1/06/2020,213,0,NAT
2019,2019_144,1/06/2020,213,0,NAT
2019,2019_145,1/06/2020,213,0,NAT
2019,2019_146,17/12/2019,46,1,NAT
2019,2019_147,1/06/2020,213,0,NAT
2019,2019_148,31/01/2020,91,1,NAT
2019,2019_149,8/01/2020,68,1,NAT
2019,2019_150,28/11/2019,27,1,NAT
2019,2019_151,1/06/2020,213,0,NAT
2019,2019_152,6/01/2020,66,1,NAT
2019,2019_153,24/01/2020,84,1,NAT
2019,2019_154,1/06/2020,213,0,NAT
2019,2019_155,1/06/2020,213,0,NAT
2019,2019_156,1/06/2020,213,0,NAT
2019,2019_157,1/06/2020,213,0,NAT
2019,2019_158,1/01/2020,61,1,NAT
2019,2019_159,1/06/2020,213,0,NAT
2019,2019_160,13/02/2020,104,1,NAT
2019,2019_161,1/06/2020,213,0,NAT
2019,2019_162,1/06/2020,213,0,NAT
2019,2019_163,1/06/2020,213,0,NAT
2019,2019_164,1/06/2020,213,0,NAT
2019,2019_165,25/01/2020,85,1,NAT
2019,2019_166,16/02/2020,107,1,NAT
2019,2019_167,1/06/2020,213,0,NAT
2019,2019_168,14/12/2019,43,1,NAT
2019,2019_169,1/06/2020,213,0,NAT
2019,2019_170,1/06/2020,213,0,NAT
2019,2019_171,1/06/2020,213,0,NAT
2019,2019_172,1/06/2020,213,0,NAT
2019,2019_173,12/01/2020,72,1,NAT
2019,2019_174,1/06/2020,213,0,NAT
2019,2019_175,6/12/2019,35,1,NAT
2019,2019_176,1/06/2020,213,0,NAT
2019,2019_177,1/06/2020,213,0,NAT
2019,2019_178,1/06/2020,213,0,NAT
2019,2019_179,1/06/2020,213,0,NAT
2019,2019_180,1/06/2020,213,0,NAT
2019,2019_181,1/06/2020,213,0,NAT
2019,2019_182,1/06/2020,213,0,NAT
2019,2019_183,1/06/2020,213,0,NAT
2019,2019_184,1/06/2020,213,0,NAT
2019,2019_185,1/06/2020,213,0,NAT
2019,2019_186,1/06/2020,213,0,NAT
2019,2019_187,1/06/2020,213,0,NAT
2019,2019_188,28/12/2019,57,1,NAT
2019,2019_189,1/06/2020,213,0,NAT
2019,2019_190,1/06/2020,213,0,NAT
2019,2019_191,1/06/2020,213,0,NAT
2019,2019_192,1/06/2020,213,0,NAT
2019,2019_193,1/06/2020,213,0,NAT
2019,2019_194,1/06/2020,213,0,NAT
2019,2019_195,1/06/2020,213,0,NAT
2019,2019_196,1/06/2020,213,0,NAT
2019,2019_197,1/06/2020,213,0,NAT
2019,2019_198,1/02/2020,92,1,NAT
2019,2019_199,25/12/2019,54,1,NAT
2019,2019_200,11/02/2020,102,1,NAT
2019,2019_201,23/12/2019,52,1,NAT
2019,2019_202,3/12/2019,32,1,NAT
2019,2019_203,27/12/2019,56,1,NAT
2019,2019_204,14/03/2020,134,1,NAT
2019,2019_205,4/01/2020,64,1,NAT
2019,2019_206,24/02/2020,115,1,NAT
2019,2019_207,2/02/2020,93,1,NAT
2019,2019_208,5/01/2020,65,1,NAT
2019,2019_209,21/02/2020,112,1,NAT
2019,2019_210,27/02/2020,118,1,NAT
2019,2019_211,3/02/2020,94,1,NAT
2019,2019_212,5/03/2020,125,1,NAT
2019,2019_213,21/12/2019,50,1,NAT
2019,2019_214,26/01/2020,86,1,NAT
2019,2019_215,1/01/2020,61,1,NAT
2019,2019_216,13/02/2020,104,1,NAT
2019,2019_217,7/03/2020,127,1,NAT
2019,2019_218,11/02/2020,102,1,NAT
2019,2019_219,26/12/2019,55,1,NAT
2019,2019_220,15/02/2020,106,1,NAT
2019,2019_221,20/12/2019,49,1,NAT
2020,2020_001,29/05/2021,209,0,NAT
2020,2020_002,29/05/2021,209,0,NAT
2020,2020_003,24/01/2021,84,1,NAT
2020,2020_004,13/03/2021,132,1,NAT
2020,2020_005,26/11/2020,25,1,NAT
2020,2020_006,29/05/2021,209,0,NAT
2020,2020_007,8/01/2021,68,1,NAT
2020,2020_008,29/05/2021,209,0,NAT
2020,2020_009,29/05/2021,209,0,NAT
2020,2020_010,29/05/2021,209,0,NAT
2020,2020_011,29/05/2021,209,0,NAT
2020,2020_012,5/02/2021,96,1,NAT
2020,2020_013,20/12/2020,49,1,NAT
2020,2020_014,1/02/2021,92,1,NAT
2020,2020_015,29/05/2021,209,0,NAT
2020,2020_016,19/12/2020,48,1,NAT
2020,2020_017,2/03/2021,121,1,NAT
2020,2020_018,24/01/2021,84,1,NAT
2020,2020_019,27/04/2021,177,1,NAT
2020,2020_020,29/05/2021,209,0,NAT
2020,2020_021,30/11/2020,29,1,NAT
2020,2020_022,29/05/2021,209,0,NAT
2020,2020_023,29/05/2021,209,0,NAT
2020,2020_024,24/12/2020,53,1,NAT
2020,2020_025,29/01/2021,89,1,NAT
2020,2020_026,11/03/2021,130,1,NAT
2020,2020_027,26/12/2020,55,1,NAT
2020,2020_028,29/05/2021,209,0,NAT
2020,2020_029,22/01/2021,82,1,NAT
2020,2020_030,28/02/2021,119,1,NAT
2020,2020_031,24/12/2020,53,1,NAT
2020,2020_032,26/12/2020,55,1,NAT
2020,2020_033,29/05/2021,209,0,NAT
2020,2020_034,29/05/2021,209,0,NAT
2020,2020_035,3/12/2020,32,1,NAT
2020,2020_036,28/12/2020,57,1,NAT
2020,2020_037,20/02/2021,111,1,NAT
2020,2020_038,29/05/2021,209,0,NAT
2020,2020_039,15/12/2020,44,1,NAT
2020,2020_040,29/05/2021,209,0,NAT
2020,2020_041,29/05/2021,209,0,NAT
2020,2020_042,20/12/2020,49,1,NAT
2020,2020_043,29/05/2021,209,0,NAT
2020,2020_044,29/05/2021,209,0,NAT
2020,2020_045,29/05/2021,209,0,NAT
2020,2020_046,29/05/2021,209,0,NAT
2020,2020_047,11/01/2021,71,1,NAT
2020,2020_048,29/05/2021,209,0,NAT
2020,2020_049,15/02/2021,106,1,NAT
2020,2020_050,20/12/2020,49,1,NAT
2020,2020_051,29/05/2021,209,0,NAT
2020,2020_052,29/05/2021,209,0,NAT
2020,2020_053,29/05/2021,209,0,NAT
2020,2020_054,23/01/2021,83,1,NAT
2020,2020_055,9/01/2021,69,1,NAT
2020,2020_056,30/12/2020,59,1,NAT
2020,2020_057,28/01/2021,88,1,NAT
2020,2020_058,6/12/2020,35,1,NAT
2020,2020_059,30/12/2020,59,1,NAT
2020,2020_060,3/12/2020,32,1,NAT
2020,2020_061,28/02/2021,119,1,NAT
2020,2020_062,24/12/2020,53,1,NAT
2020,2020_063,7/02/2021,98,1,NAT
2020,2020_064,26/12/2020,55,1,NAT
2020,2020_065,20/12/2020,49,1,NAT
2020,2020_066,24/12/2020,53,1,NAT
2020,2020_067,29/05/2021,209,0,NAT
2020,2020_068,20/12/2020,49,1,NAT
2020,2020_069,15/12/2020,44,1,NAT
2020,2020_070,14/12/2020,43,1,NAT
2020,2020_071,20/12/2020,49,1,NAT
2020,2020_072,29/05/2021,209,0,NAT
2020,2020_073,29/05/2021,209,0,NAT
2020,2020_074,29/05/2021,209,0,NAT
2020,2020_075,29/05/2021,209,0,NAT
2020,2020_076,29/05/2021,209,0,NAT
2020,2020_077,29/05/2021,209,0,NAT
2020,2020_078,26/01/2021,86,1,NAT
2020,2020_079,13/03/2021,132,1,NAT
2020,2020_080,29/05/2021,209,0,NAT
2020,2020_081,29/05/2021,209,0,NAT
2020,2020_082,29/05/2021,209,0,NAT
2020,2020_083,29/05/2021,209,0,NAT
2020,2020_084,29/05/2021,209,0,NAT
2020,2020_085,29/05/2021,209,0,NAT
2020,2020_086,29/05/2021,209,0,NAT
2020,2020_087,30/12/2020,59,1,NAT
2020,2020_088,7/12/2020,36,1,NAT
2020,2020_089,8/12/2020,37,1,NAT
2020,2020_090,10/01/2021,70,1,NAT
2020,2020_091,29/05/2021,209,0,NAT
2020,2020_092,29/05/2021,209,0,NAT
2020,2020_093,29/05/2021,209,0,NAT
2020,2020_094,29/05/2021,209,0,NAT
2020,2020_095,29/05/2021,209,0,NAT
2020,2020_096,29/05/2021,209,0,NAT
2020,2020_097,7/12/2020,36,1,NAT
2020,2020_098,1/01/2021,61,1,NAT
2020,2020_099,29/05/2021,209,0,NAT
2020,2020_100,5/12/2020,34,1,NAT
2020,2020_101,29/05/2021,209,0,NAT
2020,2020_102,29/05/2021,209,0,NAT
2020,2020_103,2/04/2021,152,1,NAT
2020,2020_104,18/12/2020,47,1,NAT
2020,2020_105,29/05/2021,209,0,NAT
2020,2020_106,29/05/2021,209,0,NAT
2020,2020_107,29/05/2021,209,0,NAT
2020,2020_108,29/05/2021,209,0,NAT
2020,2020_109,29/05/2021,209,0,NAT
2020,2020_110,29/05/2021,209,0,NAT
2020,2020_111,1/01/2021,61,1,NAT
2020,2020_112,19/11/2020,18,1,NAT
2020,2020_113,29/05/2021,209,0,NAT
2020,2020_114,17/12/2020,46,1,NAT
2020,2020_115,29/05/2021,209,0,NAT
2020,2020_116,20/12/2020,49,1,NAT
2020,2020_117,29/05/2021,209,0,NAT
2020,2020_118,29/05/2021,209,0,NAT
2020,2020_119,7/03/2021,126,1,NAT
2020,2020_120,29/05/2021,209,0,NAT
2020,2020_121,29/05/2021,209,0,NAT
2020,2020_122,23/12/2020,52,1,NAT
2020,2020_123,29/05/2021,209,0,NAT
2020,2020_124,29/05/2021,209,0,NAT
2020,2020_125,7/12/2020,36,1,NAT
2020,2020_126,14/12/2020,43,1,NAT
2020,2020_127,29/05/2021,209,0,NAT
2020,2020_128,29/05/2021,209,0,NAT
2020,2020_129,29/05/2021,209,0,NAT
2020,2020_130,29/05/2021,209,0,NAT
2020,2020_131,29/05/2021,209,0,NAT
2020,2020_132,29/05/2021,209,0,NAT
2020,2020_133,29/05/2021,209,0,NAT
2020,2020_134,8/02/2021,99,1,NAT
2020,2020_135,9/02/2021,100,1,NAT
2020,2020_136,29/05/2021,209,0,NAT
2020,2020_137,29/05/2021,209,0,NAT
2020,2020_138,7/12/2020,36,1,NAT
2020,2020_139,29/05/2021,209,0,NAT
2020,2020_140,29/05/2021,209,0,NAT
2020,2020_141,29/05/2021,209,0,NAT
2020,2020_142,23/12/2020,52,1,NAT
2020,2020_143,29/05/2021,209,0,NAT
2020,2020_144,4/01/2021,64,1,NAT
2020,2020_145,29/05/2021,209,0,NAT
2020,2020_146,20/02/2021,111,1,NAT
2020,2020_147,29/05/2021,209,0,NAT
2020,2020_148,29/05/2021,209,0,NAT
2020,2020_149,29/05/2021,209,0,NAT
2020,2020_150,29/05/2021,209,0,NAT
2020,2020_151,14/02/2021,105,1,NAT
2020,2020_152,28/02/2021,119,1,NAT
2020,2020_153,22/12/2020,51,1,NAT
2020,2020_154,8/02/2021,99,1,NAT
2020,2020_155,29/05/2021,209,0,NAT
2020,2020_156,29/05/2021,209,0,NAT
2020,2020_157,14/12/2020,43,1,NAT
2020,2020_158,17/12/2020,46,1,NAT
2020,2020_159,6/04/2021,156,1,NAT
2020,2020_160,29/05/2021,209,0,NAT
2020,2020_161,29/05/2021,209,0,NAT
2020,2020_162,2/01/2021,62,1,NAT
2020,2020_163,29/05/2021,209,0,NAT
2020,2020_164,29/05/2021,209,0,NAT
2020,2020_165,29/05/2021,209,0,NAT
2020,2020_166,29/05/2021,209,0,NAT
2020,2020_167,29/05/2021,209,0,NAT
2020,2020_168,29/05/2021,209,0,NAT
2020,2020_169,5/02/2021,96,1,NAT
2020,2020_170,29/05/2021,209,0,NAT
2020,2020_171,29/05/2021,209,0,NAT
2020,2020_172,29/05/2021,209,0,NAT
2020,2020_173,24/12/2020,53,1,NAT
2020,2020_174,29/05/2021,209,0,NAT
2020,2020_175,29/05/2021,209,0,NAT
2020,2020_176,29/05/2021,209,0,NAT
2020,2020_177,29/05/2021,209,0,NAT
2020,2020_178,29/05/2021,209,0,NAT
2020,2020_179,29/05/2021,209,0,NAT
2020,2020_180,19/12/2020,48,1,NAT
2020,2020_181,28/12/2020,57,1,NAT
2020,2020_182,29/05/2021,209,0,NAT
2020,2020_183,29/05/2021,209,0,NAT
2020,2020_184,25/12/2020,54,1,NAT
2020,2020_185,4/03/2021,123,1,NAT
2020,2020_186,29/05/2021,209,0,NAT
2020,2020_187,29/05/2021,209,0,NAT
2020,2020_188,16/03/2021,135,1,NAT
2020,2020_189,6/02/2021,97,1,NAT
2020,2020_190,29/05/2021,209,0,NAT
2020,2020_191,29/05/2021,209,0,NAT
2020,2020_192,29/05/2021,209,0,NAT
2020,2020_193,29/05/2021,209,0,NAT
2020,2020_194,29/05/2021,209,0,NAT
2020,2020_195,9/12/2020,38,1,NAT
2020,2020_196,22/02/2021,113,1,NAT
2020,2020_197,15/12/2020,44,1,NAT
2020,2020_198,29/05/2021,209,0,NAT
2020,2020_199,1/02/2021,92,1,NAT
2020,2020_200,27/11/2020,26,1,NAT
2020,2020_201,19/02/2021,110,1,NAT
2020,2020_202,21/12/2020,50,1,NAT
2020,2020_203,22/12/2020,51,1,NAT
2020,2020_204,17/12/2020,46,1,NAT
2020,2020_205,10/01/2021,70,1,NAT
2020,2020_206,23/02/2021,114,1,NAT
2020,2020_207,6/02/2021,97,1,NAT
2020,2020_208,9/01/2021,69,1,NAT
2020,2020_209,20/02/2021,111,1,NAT
2020,2020_210,30/12/2020,59,1,NAT
2020,2020_211,24/02/2021,115,1,NAT
2020,2020_212,4/02/2021,95,1,NAT
2020,2020_213,9/03/2021,128,1,NAT
2020,2020_214,19/02/2021,110,1,NAT
2020,2020_215,6/02/2021,97,1,NAT
2020,2020_216,19/02/2021,110,1,NAT
2020,2020_217,22/03/2021,141,1,NAT
2020,2020_218,27/12/2020,56,1,NAT
2020,2020_219,19/02/2021,110,1,NAT
2020,2020_220,29/03/2021,148,1,NAT
2020,2020_221,29/03/2021,148,1,NAT
2020,2020_222,19/12/2020,48,1,NAT
2020,2020_223,19/02/2021,110,1,NAT
2020,2020_224,10/03/2021,129,1,NAT
